--
-- PostgreSQL database dump
--

\restrict hofUWNpzXfZ6Qf6Rw8nP7IfVLfl2LbEmMzE2TYex68FdqHOQDch4ID4Zd5lcT9w

-- Dumped from database version 18.1
-- Dumped by pg_dump version 18.1

SET statement_timeout = 0;
SET lock_timeout = 0;
SET idle_in_transaction_session_timeout = 0;
SET transaction_timeout = 0;
SET client_encoding = 'UTF8';
SET standard_conforming_strings = on;
SELECT pg_catalog.set_config('search_path', '', false);
SET check_function_bodies = false;
SET xmloption = content;
SET client_min_messages = warning;
SET row_security = off;

SET default_tablespace = '';

SET default_table_access_method = heap;

--
-- Name: audit_log; Type: TABLE; Schema: public; Owner: -
--

CREATE TABLE public.audit_log (
    id bigint NOT NULL,
    action character varying(20) NOT NULL,
    created_at timestamp(6) without time zone NOT NULL,
    details character varying(500) NOT NULL,
    entity_id bigint,
    entity_type character varying(30) NOT NULL,
    username character varying(50) NOT NULL
);


--
-- Name: audit_log_id_seq; Type: SEQUENCE; Schema: public; Owner: -
--

ALTER TABLE public.audit_log ALTER COLUMN id ADD GENERATED BY DEFAULT AS IDENTITY (
    SEQUENCE NAME public.audit_log_id_seq
    START WITH 1
    INCREMENT BY 1
    NO MINVALUE
    NO MAXVALUE
    CACHE 1
);


--
-- Name: branches; Type: TABLE; Schema: public; Owner: -
--

CREATE TABLE public.branches (
    id bigint NOT NULL,
    name character varying(255) NOT NULL
);


--
-- Name: branches_id_seq; Type: SEQUENCE; Schema: public; Owner: -
--

ALTER TABLE public.branches ALTER COLUMN id ADD GENERATED BY DEFAULT AS IDENTITY (
    SEQUENCE NAME public.branches_id_seq
    START WITH 1
    INCREMENT BY 1
    NO MINVALUE
    NO MAXVALUE
    CACHE 1
);


--
-- Name: citizen_categories; Type: TABLE; Schema: public; Owner: -
--

CREATE TABLE public.citizen_categories (
    id bigint NOT NULL,
    name character varying(100) NOT NULL
);


--
-- Name: citizen_categories_id_seq; Type: SEQUENCE; Schema: public; Owner: -
--

ALTER TABLE public.citizen_categories ALTER COLUMN id ADD GENERATED BY DEFAULT AS IDENTITY (
    SEQUENCE NAME public.citizen_categories_id_seq
    START WITH 1
    INCREMENT BY 1
    NO MINVALUE
    NO MAXVALUE
    CACHE 1
);


--
-- Name: citizen_types; Type: TABLE; Schema: public; Owner: -
--

CREATE TABLE public.citizen_types (
    id bigint NOT NULL,
    code character varying(20) NOT NULL,
    name character varying(100) NOT NULL
);


--
-- Name: citizen_types_id_seq; Type: SEQUENCE; Schema: public; Owner: -
--

ALTER TABLE public.citizen_types ALTER COLUMN id ADD GENERATED BY DEFAULT AS IDENTITY (
    SEQUENCE NAME public.citizen_types_id_seq
    START WITH 1
    INCREMENT BY 1
    NO MINVALUE
    NO MAXVALUE
    CACHE 1
);


--
-- Name: departments; Type: TABLE; Schema: public; Owner: -
--

CREATE TABLE public.departments (
    id bigint NOT NULL,
    name character varying(255) NOT NULL,
    branch_id bigint NOT NULL
);


--
-- Name: departments_id_seq; Type: SEQUENCE; Schema: public; Owner: -
--

ALTER TABLE public.departments ALTER COLUMN id ADD GENERATED BY DEFAULT AS IDENTITY (
    SEQUENCE NAME public.departments_id_seq
    START WITH 1
    INCREMENT BY 1
    NO MINVALUE
    NO MAXVALUE
    CACHE 1
);


--
-- Name: detection_case_lab_tests; Type: TABLE; Schema: public; Owner: -
--

CREATE TABLE public.detection_case_lab_tests (
    id bigint NOT NULL,
    detection_case_id bigint NOT NULL,
    lab_test_type_id bigint NOT NULL
);


--
-- Name: detection_case_lab_tests_id_seq; Type: SEQUENCE; Schema: public; Owner: -
--

ALTER TABLE public.detection_case_lab_tests ALTER COLUMN id ADD GENERATED BY DEFAULT AS IDENTITY (
    SEQUENCE NAME public.detection_case_lab_tests_id_seq
    START WITH 1
    INCREMENT BY 1
    NO MINVALUE
    NO MAXVALUE
    CACHE 1
);


--
-- Name: detection_cases; Type: TABLE; Schema: public; Owner: -
--

CREATE TABLE public.detection_cases (
    id bigint NOT NULL,
    created_at timestamp(6) without time zone NOT NULL,
    diagnosis_date date NOT NULL,
    is_contact boolean NOT NULL,
    citizen_category_id bigint NOT NULL,
    citizen_type_id bigint NOT NULL,
    diagnosis_id bigint NOT NULL,
    doctor_id bigint NOT NULL,
    inspection_id bigint NOT NULL,
    patient_id bigint NOT NULL,
    place_id bigint NOT NULL,
    profile_id bigint NOT NULL,
    social_group_id bigint NOT NULL,
    state_id bigint NOT NULL,
    transfer_id bigint NOT NULL,
    created_by character varying(255)
);


--
-- Name: detection_cases_id_seq; Type: SEQUENCE; Schema: public; Owner: -
--

ALTER TABLE public.detection_cases ALTER COLUMN id ADD GENERATED BY DEFAULT AS IDENTITY (
    SEQUENCE NAME public.detection_cases_id_seq
    START WITH 1
    INCREMENT BY 1
    NO MINVALUE
    NO MAXVALUE
    CACHE 1
);


--
-- Name: diagnoses; Type: TABLE; Schema: public; Owner: -
--

CREATE TABLE public.diagnoses (
    id bigint NOT NULL,
    name character varying(150) NOT NULL,
    diagnosis_group_id bigint NOT NULL
);


--
-- Name: diagnoses_id_seq; Type: SEQUENCE; Schema: public; Owner: -
--

ALTER TABLE public.diagnoses ALTER COLUMN id ADD GENERATED BY DEFAULT AS IDENTITY (
    SEQUENCE NAME public.diagnoses_id_seq
    START WITH 1
    INCREMENT BY 1
    NO MINVALUE
    NO MAXVALUE
    CACHE 1
);


--
-- Name: diagnosis_groups; Type: TABLE; Schema: public; Owner: -
--

CREATE TABLE public.diagnosis_groups (
    id bigint NOT NULL,
    code character varying(30) NOT NULL,
    name character varying(150) NOT NULL
);


--
-- Name: diagnosis_groups_id_seq; Type: SEQUENCE; Schema: public; Owner: -
--

ALTER TABLE public.diagnosis_groups ALTER COLUMN id ADD GENERATED BY DEFAULT AS IDENTITY (
    SEQUENCE NAME public.diagnosis_groups_id_seq
    START WITH 1
    INCREMENT BY 1
    NO MINVALUE
    NO MAXVALUE
    CACHE 1
);


--
-- Name: doctors; Type: TABLE; Schema: public; Owner: -
--

CREATE TABLE public.doctors (
    id bigint NOT NULL,
    first_name character varying(100) NOT NULL,
    last_name character varying(100) NOT NULL,
    middle_name character varying(100),
    department_id bigint NOT NULL
);


--
-- Name: doctors_id_seq; Type: SEQUENCE; Schema: public; Owner: -
--

ALTER TABLE public.doctors ALTER COLUMN id ADD GENERATED BY DEFAULT AS IDENTITY (
    SEQUENCE NAME public.doctors_id_seq
    START WITH 1
    INCREMENT BY 1
    NO MINVALUE
    NO MAXVALUE
    CACHE 1
);


--
-- Name: genders; Type: TABLE; Schema: public; Owner: -
--

CREATE TABLE public.genders (
    id bigint NOT NULL,
    code character varying(20) NOT NULL,
    name character varying(20) NOT NULL
);


--
-- Name: genders_id_seq; Type: SEQUENCE; Schema: public; Owner: -
--

ALTER TABLE public.genders ALTER COLUMN id ADD GENERATED BY DEFAULT AS IDENTITY (
    SEQUENCE NAME public.genders_id_seq
    START WITH 1
    INCREMENT BY 1
    NO MINVALUE
    NO MAXVALUE
    CACHE 1
);


--
-- Name: inspections; Type: TABLE; Schema: public; Owner: -
--

CREATE TABLE public.inspections (
    id bigint NOT NULL,
    name character varying(100) NOT NULL
);


--
-- Name: inspections_id_seq; Type: SEQUENCE; Schema: public; Owner: -
--

ALTER TABLE public.inspections ALTER COLUMN id ADD GENERATED BY DEFAULT AS IDENTITY (
    SEQUENCE NAME public.inspections_id_seq
    START WITH 1
    INCREMENT BY 1
    NO MINVALUE
    NO MAXVALUE
    CACHE 1
);


--
-- Name: laboratory_test_types; Type: TABLE; Schema: public; Owner: -
--

CREATE TABLE public.laboratory_test_types (
    id bigint NOT NULL,
    name character varying(50) NOT NULL
);


--
-- Name: laboratory_test_types_id_seq; Type: SEQUENCE; Schema: public; Owner: -
--

ALTER TABLE public.laboratory_test_types ALTER COLUMN id ADD GENERATED BY DEFAULT AS IDENTITY (
    SEQUENCE NAME public.laboratory_test_types_id_seq
    START WITH 1
    INCREMENT BY 1
    NO MINVALUE
    NO MAXVALUE
    CACHE 1
);


--
-- Name: patients; Type: TABLE; Schema: public; Owner: -
--

CREATE TABLE public.patients (
    id bigint NOT NULL,
    address character varying(255),
    birth_date date NOT NULL,
    first_name character varying(100) NOT NULL,
    last_name character varying(100) NOT NULL,
    middle_name character varying(100),
    gender_id bigint NOT NULL
);


--
-- Name: patients_id_seq; Type: SEQUENCE; Schema: public; Owner: -
--

ALTER TABLE public.patients ALTER COLUMN id ADD GENERATED BY DEFAULT AS IDENTITY (
    SEQUENCE NAME public.patients_id_seq
    START WITH 1
    INCREMENT BY 1
    NO MINVALUE
    NO MAXVALUE
    CACHE 1
);


--
-- Name: places; Type: TABLE; Schema: public; Owner: -
--

CREATE TABLE public.places (
    id bigint NOT NULL,
    name character varying(100) NOT NULL
);


--
-- Name: places_id_seq; Type: SEQUENCE; Schema: public; Owner: -
--

ALTER TABLE public.places ALTER COLUMN id ADD GENERATED BY DEFAULT AS IDENTITY (
    SEQUENCE NAME public.places_id_seq
    START WITH 1
    INCREMENT BY 1
    NO MINVALUE
    NO MAXVALUE
    CACHE 1
);


--
-- Name: populations; Type: TABLE; Schema: public; Owner: -
--

CREATE TABLE public.populations (
    id bigint NOT NULL,
    count_all integer NOT NULL,
    year integer NOT NULL,
    state_id bigint NOT NULL
);


--
-- Name: populations_id_seq; Type: SEQUENCE; Schema: public; Owner: -
--

ALTER TABLE public.populations ALTER COLUMN id ADD GENERATED BY DEFAULT AS IDENTITY (
    SEQUENCE NAME public.populations_id_seq
    START WITH 1
    INCREMENT BY 1
    NO MINVALUE
    NO MAXVALUE
    CACHE 1
);


--
-- Name: profiles; Type: TABLE; Schema: public; Owner: -
--

CREATE TABLE public.profiles (
    id bigint NOT NULL,
    name character varying(100) NOT NULL
);


--
-- Name: profiles_id_seq; Type: SEQUENCE; Schema: public; Owner: -
--

ALTER TABLE public.profiles ALTER COLUMN id ADD GENERATED BY DEFAULT AS IDENTITY (
    SEQUENCE NAME public.profiles_id_seq
    START WITH 1
    INCREMENT BY 1
    NO MINVALUE
    NO MAXVALUE
    CACHE 1
);


--
-- Name: social_groups; Type: TABLE; Schema: public; Owner: -
--

CREATE TABLE public.social_groups (
    id bigint NOT NULL,
    code character varying(30) NOT NULL,
    name character varying(100) NOT NULL
);


--
-- Name: social_groups_id_seq; Type: SEQUENCE; Schema: public; Owner: -
--

ALTER TABLE public.social_groups ALTER COLUMN id ADD GENERATED BY DEFAULT AS IDENTITY (
    SEQUENCE NAME public.social_groups_id_seq
    START WITH 1
    INCREMENT BY 1
    NO MINVALUE
    NO MAXVALUE
    CACHE 1
);


--
-- Name: state_groups; Type: TABLE; Schema: public; Owner: -
--

CREATE TABLE public.state_groups (
    id bigint NOT NULL,
    code character varying(30) NOT NULL,
    name character varying(100) NOT NULL
);


--
-- Name: state_groups_id_seq; Type: SEQUENCE; Schema: public; Owner: -
--

ALTER TABLE public.state_groups ALTER COLUMN id ADD GENERATED BY DEFAULT AS IDENTITY (
    SEQUENCE NAME public.state_groups_id_seq
    START WITH 1
    INCREMENT BY 1
    NO MINVALUE
    NO MAXVALUE
    CACHE 1
);


--
-- Name: states; Type: TABLE; Schema: public; Owner: -
--

CREATE TABLE public.states (
    id bigint NOT NULL,
    name character varying(100) NOT NULL,
    state_group_id bigint NOT NULL
);


--
-- Name: states_id_seq; Type: SEQUENCE; Schema: public; Owner: -
--

ALTER TABLE public.states ALTER COLUMN id ADD GENERATED BY DEFAULT AS IDENTITY (
    SEQUENCE NAME public.states_id_seq
    START WITH 1
    INCREMENT BY 1
    NO MINVALUE
    NO MAXVALUE
    CACHE 1
);


--
-- Name: transfers; Type: TABLE; Schema: public; Owner: -
--

CREATE TABLE public.transfers (
    id bigint NOT NULL,
    name character varying(100) NOT NULL
);


--
-- Name: transfers_id_seq; Type: SEQUENCE; Schema: public; Owner: -
--

ALTER TABLE public.transfers ALTER COLUMN id ADD GENERATED BY DEFAULT AS IDENTITY (
    SEQUENCE NAME public.transfers_id_seq
    START WITH 1
    INCREMENT BY 1
    NO MINVALUE
    NO MAXVALUE
    CACHE 1
);


--
-- Name: users; Type: TABLE; Schema: public; Owner: -
--

CREATE TABLE public.users (
    id bigint NOT NULL,
    created_at timestamp(6) without time zone NOT NULL,
    enabled boolean NOT NULL,
    full_name character varying(150) NOT NULL,
    password character varying(255) NOT NULL,
    role character varying(20) NOT NULL,
    username character varying(50) NOT NULL,
    CONSTRAINT users_role_check CHECK (((role)::text = ANY ((ARRAY['ADMIN'::character varying, 'OPERATOR'::character varying])::text[])))
);


--
-- Name: users_id_seq; Type: SEQUENCE; Schema: public; Owner: -
--

ALTER TABLE public.users ALTER COLUMN id ADD GENERATED BY DEFAULT AS IDENTITY (
    SEQUENCE NAME public.users_id_seq
    START WITH 1
    INCREMENT BY 1
    NO MINVALUE
    NO MAXVALUE
    CACHE 1
);


--
-- Data for Name: audit_log; Type: TABLE DATA; Schema: public; Owner: -
--

COPY public.audit_log (id, action, created_at, details, entity_id, entity_type, username) FROM stdin;
1	CREATE	2026-03-05 14:02:39.912526	Добавлен случай: Иванов Иван, диагноз ID=15	5	CASE	karsakov
2	UPDATE	2026-03-05 14:03:02.172863	Обновлён случай #5	5	CASE	karsakov
3	CREATE	2026-03-06 12:12:34.918701	Добавлен врач: Ковалева	5	DICTIONARY	admin
\.


--
-- Data for Name: branches; Type: TABLE DATA; Schema: public; Owner: -
--

COPY public.branches (id, name) FROM stdin;
1	Филиал №1 Ачинск
2	Филиал №2 Лесосибирск
3	Филиал №4 Канск
4	КГБУЗ КККВД №1 Красноярск
\.


--
-- Data for Name: citizen_categories; Type: TABLE DATA; Schema: public; Owner: -
--

COPY public.citizen_categories (id, name) FROM stdin;
3	Житель данного субъекта РФ
4	Житель другого субъекта РФ
5	Иностранный гражданин
6	Гражданин СНГ
7	БОМЖ
\.


--
-- Data for Name: citizen_types; Type: TABLE DATA; Schema: public; Owner: -
--

COPY public.citizen_types (id, code, name) FROM stdin;
1	URBAN	Город
2	RURAL	Село
\.


--
-- Data for Name: departments; Type: TABLE DATA; Schema: public; Owner: -
--

COPY public.departments (id, name, branch_id) FROM stdin;
1	Амбулаторно-поликлиническое отделение (Красноярск)	4
2	Амбулаторно-поликлиническое отделение (Ачинск)	1
3	Амбулаторно-поликлиническое отделение (Лесосибирск)	2
4	Амбулаторно-поликлиническое отделение (Канск)	3
5	Платные медицинские услуги (Красноярск)	4
6	Платные медицинские услуги (Ачинск)	1
7	Платные медицинские услуги (Лесосибирск)	2
8	Платные медицинские услуги (Канск)	3
\.


--
-- Data for Name: detection_case_lab_tests; Type: TABLE DATA; Schema: public; Owner: -
--

COPY public.detection_case_lab_tests (id, detection_case_id, lab_test_type_id) FROM stdin;
1	1	2
2	1	4
3	1	7
4	2	1
5	2	3
6	2	6
7	2	7
8	3	1
9	3	2
10	3	6
11	4	1
12	4	3
13	4	6
18	5	2
19	5	5
20	5	7
21	5	8
\.


--
-- Data for Name: detection_cases; Type: TABLE DATA; Schema: public; Owner: -
--

COPY public.detection_cases (id, created_at, diagnosis_date, is_contact, citizen_category_id, citizen_type_id, diagnosis_id, doctor_id, inspection_id, patient_id, place_id, profile_id, social_group_id, state_id, transfer_id, created_by) FROM stdin;
1	2026-02-26 13:21:50.225862	2026-02-26	t	3	1	3	1	2	1	2	1	1	48	5	\N
2	2026-03-02 12:12:34.609697	2026-03-02	t	3	1	12	1	2	2	1	1	1	49	6	\N
3	2026-03-04 08:55:34.718378	2026-03-04	f	3	1	7	2	2	3	3	4	1	50	6	karsakov
4	2026-03-04 12:57:27.995347	2026-03-04	t	3	1	17	3	2	4	1	1	1	48	1	admin
5	2026-03-05 14:02:39.862521	2026-03-05	f	3	1	15	3	1	5	1	1	1	5	5	karsakov
\.


--
-- Data for Name: diagnoses; Type: TABLE DATA; Schema: public; Owner: -
--

COPY public.diagnoses (id, name, diagnosis_group_id) FROM stdin;
1	А50.0 Ранний врожденный сифилис	1
2	А51.0 Первичный сифилис	1
3	А51.3 Вторичный сифилис	1
4	А51.5 Ранний сифилис скрытый	1
5	А52.1 Поздний нейросифилис	1
6	А52.2 Асимптомный нейросифилис	1
7	А52.8 Поздний сифилис скрытый	1
8	А52.3 Нейросифилис неуточненный	1
9	А53.0 Скрытый сифилис, неуточненный как ранний или поздний	1
10	А54.0 Гонококковая инфекция	2
11	А63.0 Аногенитальные бородавки	7
12	А60.0 Герпетические инфекции	6
13	В35.0 Микоз бороды и головы (Микроспория)	9
14	В35.1 Микоз ногтей	8
15	В35.2 Микоз кистей	8
16	В35.3 Микоз стоп	8
17	В35.4 Микоз туловища	8
18	А59.0 Урогенитальный трихомоноз	4
19	А56.0 Хламидийные инфекции	5
20	В86 Чесотка	3
\.


--
-- Data for Name: diagnosis_groups; Type: TABLE DATA; Schema: public; Owner: -
--

COPY public.diagnosis_groups (id, code, name) FROM stdin;
1	SYPHILIS	Сифилис
2	GONORRHEA	Гонорея
3	SCABIES	Чесотка
4	TRICHOMONIASIS	Трихомониаз
5	CHLAMYDIA	Хламидиоз
6	HERPES	Герпес
7	CONDYLOMAS	Остроконечные кондиломы
8	MYCOSES	Микозы
9	MICROSPORIA	Микроспория
\.


--
-- Data for Name: doctors; Type: TABLE DATA; Schema: public; Owner: -
--

COPY public.doctors (id, first_name, last_name, middle_name, department_id) FROM stdin;
1	Ольга	Алексеева	Петровна	1
2	Николай	Гузей	Михайлович	1
3	Анна	Березина	Сергеевна	1
4	Татьяна	Василишина	Владимировна	1
5	Жанна	Ковалева	Валерьевна	1
\.


--
-- Data for Name: genders; Type: TABLE DATA; Schema: public; Owner: -
--

COPY public.genders (id, code, name) FROM stdin;
1	MALE	Мужской
2	FEMALE	Женский
\.


--
-- Data for Name: inspections; Type: TABLE DATA; Schema: public; Owner: -
--

COPY public.inspections (id, name) FROM stdin;
1	Нет осмотра
2	Периодический
3	Профилактический
4	Поступление на работу
5	Донор
\.


--
-- Data for Name: laboratory_test_types; Type: TABLE DATA; Schema: public; Owner: -
--

COPY public.laboratory_test_types (id, name) FROM stdin;
1	РМП
2	РПР
3	РПГА
4	ИФА
5	РИФ
6	Иммуноблот
7	ТПМ
8	ПЦР
\.


--
-- Data for Name: patients; Type: TABLE DATA; Schema: public; Owner: -
--

COPY public.patients (id, address, birth_date, first_name, last_name, middle_name, gender_id) FROM stdin;
1	ул. Уличная, 15а	1999-11-25	Тест	Тестов	Тестович	1
2	ул. авлалщ	2001-05-12	Аа	Ааа	Ааа	2
3	ул. Иванова	2000-03-17	Иван	Иванов	Иванович	1
4	г Красноярск, Телевизорный пер, д 5а	1998-01-20	Дмитрий	Орлов	Владимирович	1
5	Красноярский край, г Минусинск, тер Гаражный массив Ачинская 31	2003-02-01	Иван	Иванов	Иванович	1
\.


--
-- Data for Name: places; Type: TABLE DATA; Schema: public; Owner: -
--

COPY public.places (id, name) FROM stdin;
1	Обратились самостоятельно
2	Амбулаторно-поликлиническое учреждение
3	Стационар
4	Медицинское учреждение др. форм собственности
\.


--
-- Data for Name: populations; Type: TABLE DATA; Schema: public; Owner: -
--

COPY public.populations (id, count_all, year, state_id) FROM stdin;
\.


--
-- Data for Name: profiles; Type: TABLE DATA; Schema: public; Owner: -
--

COPY public.profiles (id, name) FROM stdin;
1	Дерматовенеролог
2	Акушер-гинеколог
3	Терапевт
4	Невролог
5	Уролог
6	Нарколог
7	Фтизиатр
8	Педиатр
9	Специалисты других профилей
\.


--
-- Data for Name: social_groups; Type: TABLE DATA; Schema: public; Owner: -
--

COPY public.social_groups (id, code, name) FROM stdin;
1	WORKING	Работающий
2	UNEMPLOYED	Неработающий
3	PENSIONER	Пенсионер
4	STUDENT	Студент
5	SCHOOL	Учащийся Школа
6	KINDERGARTEN_ORG	Дошкольник Организован
7	KINDERGARTEN_UNORG	Дошкольник Неорганизован
\.


--
-- Data for Name: state_groups; Type: TABLE DATA; Schema: public; Owner: -
--

COPY public.state_groups (id, code, name) FROM stdin;
1	KRASNOYARSK	Красноярск
2	REGION	Край
\.


--
-- Data for Name: states; Type: TABLE DATA; Schema: public; Owner: -
--

COPY public.states (id, name, state_group_id) FROM stdin;
1	Ачинский р-н	2
2	Боготольский р-н	2
3	Енисейский р-н	2
4	Канский р-н	2
5	Минусинский р-н	2
6	Назаровский р-н	2
7	Шарыповский р-н	2
8	Абанский р-н	2
9	Балахтинский р-н	2
10	Березовский р-н	2
11	Бирилюсский р-н	2
12	Богучанский р-н	2
13	Большемуртинский р-н	2
14	Большеулуйский р-н	2
15	Дзержинский р-н	2
16	Емельяновский р-н	2
17	Ермаковский р-н	2
18	Идринский р-н	2
19	Иланский р-н	2
20	Ирбейский р-н	2
21	Казачинский р-н	2
22	Каратузский р-н	2
23	Кежемский р-н	2
24	Козульский р-н	2
25	Краснотуранский р-н	2
26	Курагинский р-н	2
27	Манский р-н	2
28	Мотыгинский р-н	2
29	Нижнеингашский р-н	2
30	Новоселовский р-н	2
31	Партизанский р-н	2
32	Пировский р-н	2
33	Рыбинский р-н	2
34	Саянский р-н	2
35	Северо-Енисейский р-н	2
36	Сухобузимский р-н	2
37	Таймырский Долгано-Ненецкий р-н	2
38	Тасеевский р-н	2
39	Туруханский р-н	2
40	Тюхтетский р-н	2
41	Ужурский р-н	2
42	Уярский р-н	2
43	Шушенский р-н	2
44	Эвенкийский р-н	2
45	Железнодорожный р-н	1
46	Кировский р-н	1
47	Ленинский р-н	1
48	Октябрьский р-н	1
49	Свердловский р-н	1
50	Советский р-н	1
51	Центральный р-н	1
52	Норильск г.	2
53	Прочие по Красноярску	2
54	Бородино г.	2
55	Дивногорск г.	2
56	Сосновоборск г.	2
57	Кедровый п.	2
58	ЗАТО Солнечный (Ужур 4)	2
59	Лесосибирск г.	2
60	Анонимно г. Красноярск	1
61	СПИД Центр	1
62	БОМЖ	1
63	Игарка г.	2
64	Иностранные граждане	2
\.


--
-- Data for Name: transfers; Type: TABLE DATA; Schema: public; Owner: -
--

COPY public.transfers (id, name) FROM stdin;
1	Половой
2	Трансплацентарный (врожденный сифилис)
3	Половой при сексуальном насилии
4	Бытовой (без учета врожденного)
5	Неуточненный
6	Отсутствует
\.


--
-- Data for Name: users; Type: TABLE DATA; Schema: public; Owner: -
--

COPY public.users (id, created_at, enabled, full_name, password, role, username) FROM stdin;
2	2026-03-02 12:10:19.520783	t	Карсаков Виктор Владимирович	$2a$10$j3KzaYFMwl4tFnMAA/NIc.vcuPGuTCl1kJSs2kPpbon8d5rqzwyGS	OPERATOR	karsakov
3	2026-03-02 12:47:48.100928	t	Ставер Владислав Иванович	$2a$10$RfVVnOWbNHPJP8R9x5p8dOUB2/L2b8nSf3Ecok9/rb2MfQiW9fUti	ADMIN	vladik
1	2026-02-27 14:36:14.225821	t	Администратор	$2a$10$LBvBNBtupFJxEd4n.3HHFuZQ.KBOKd0u05LOztp4Zluc2pi4.uy0G	ADMIN	admin
\.


--
-- Name: audit_log_id_seq; Type: SEQUENCE SET; Schema: public; Owner: -
--

SELECT pg_catalog.setval('public.audit_log_id_seq', 3, true);


--
-- Name: branches_id_seq; Type: SEQUENCE SET; Schema: public; Owner: -
--

SELECT pg_catalog.setval('public.branches_id_seq', 4, true);


--
-- Name: citizen_categories_id_seq; Type: SEQUENCE SET; Schema: public; Owner: -
--

SELECT pg_catalog.setval('public.citizen_categories_id_seq', 7, true);


--
-- Name: citizen_types_id_seq; Type: SEQUENCE SET; Schema: public; Owner: -
--

SELECT pg_catalog.setval('public.citizen_types_id_seq', 48, true);


--
-- Name: departments_id_seq; Type: SEQUENCE SET; Schema: public; Owner: -
--

SELECT pg_catalog.setval('public.departments_id_seq', 8, true);


--
-- Name: detection_case_lab_tests_id_seq; Type: SEQUENCE SET; Schema: public; Owner: -
--

SELECT pg_catalog.setval('public.detection_case_lab_tests_id_seq', 21, true);


--
-- Name: detection_cases_id_seq; Type: SEQUENCE SET; Schema: public; Owner: -
--

SELECT pg_catalog.setval('public.detection_cases_id_seq', 5, true);


--
-- Name: diagnoses_id_seq; Type: SEQUENCE SET; Schema: public; Owner: -
--

SELECT pg_catalog.setval('public.diagnoses_id_seq', 20, true);


--
-- Name: diagnosis_groups_id_seq; Type: SEQUENCE SET; Schema: public; Owner: -
--

SELECT pg_catalog.setval('public.diagnosis_groups_id_seq', 216, true);


--
-- Name: doctors_id_seq; Type: SEQUENCE SET; Schema: public; Owner: -
--

SELECT pg_catalog.setval('public.doctors_id_seq', 5, true);


--
-- Name: genders_id_seq; Type: SEQUENCE SET; Schema: public; Owner: -
--

SELECT pg_catalog.setval('public.genders_id_seq', 48, true);


--
-- Name: inspections_id_seq; Type: SEQUENCE SET; Schema: public; Owner: -
--

SELECT pg_catalog.setval('public.inspections_id_seq', 5, true);


--
-- Name: laboratory_test_types_id_seq; Type: SEQUENCE SET; Schema: public; Owner: -
--

SELECT pg_catalog.setval('public.laboratory_test_types_id_seq', 8, true);


--
-- Name: patients_id_seq; Type: SEQUENCE SET; Schema: public; Owner: -
--

SELECT pg_catalog.setval('public.patients_id_seq', 5, true);


--
-- Name: places_id_seq; Type: SEQUENCE SET; Schema: public; Owner: -
--

SELECT pg_catalog.setval('public.places_id_seq', 4, true);


--
-- Name: populations_id_seq; Type: SEQUENCE SET; Schema: public; Owner: -
--

SELECT pg_catalog.setval('public.populations_id_seq', 1, false);


--
-- Name: profiles_id_seq; Type: SEQUENCE SET; Schema: public; Owner: -
--

SELECT pg_catalog.setval('public.profiles_id_seq', 9, true);


--
-- Name: social_groups_id_seq; Type: SEQUENCE SET; Schema: public; Owner: -
--

SELECT pg_catalog.setval('public.social_groups_id_seq', 168, true);


--
-- Name: state_groups_id_seq; Type: SEQUENCE SET; Schema: public; Owner: -
--

SELECT pg_catalog.setval('public.state_groups_id_seq', 48, true);


--
-- Name: states_id_seq; Type: SEQUENCE SET; Schema: public; Owner: -
--

SELECT pg_catalog.setval('public.states_id_seq', 64, true);


--
-- Name: transfers_id_seq; Type: SEQUENCE SET; Schema: public; Owner: -
--

SELECT pg_catalog.setval('public.transfers_id_seq', 6, true);


--
-- Name: users_id_seq; Type: SEQUENCE SET; Schema: public; Owner: -
--

SELECT pg_catalog.setval('public.users_id_seq', 3, true);


--
-- Name: audit_log audit_log_pkey; Type: CONSTRAINT; Schema: public; Owner: -
--

ALTER TABLE ONLY public.audit_log
    ADD CONSTRAINT audit_log_pkey PRIMARY KEY (id);


--
-- Name: branches branches_pkey; Type: CONSTRAINT; Schema: public; Owner: -
--

ALTER TABLE ONLY public.branches
    ADD CONSTRAINT branches_pkey PRIMARY KEY (id);


--
-- Name: citizen_categories citizen_categories_pkey; Type: CONSTRAINT; Schema: public; Owner: -
--

ALTER TABLE ONLY public.citizen_categories
    ADD CONSTRAINT citizen_categories_pkey PRIMARY KEY (id);


--
-- Name: citizen_types citizen_types_pkey; Type: CONSTRAINT; Schema: public; Owner: -
--

ALTER TABLE ONLY public.citizen_types
    ADD CONSTRAINT citizen_types_pkey PRIMARY KEY (id);


--
-- Name: departments departments_pkey; Type: CONSTRAINT; Schema: public; Owner: -
--

ALTER TABLE ONLY public.departments
    ADD CONSTRAINT departments_pkey PRIMARY KEY (id);


--
-- Name: detection_case_lab_tests detection_case_lab_tests_pkey; Type: CONSTRAINT; Schema: public; Owner: -
--

ALTER TABLE ONLY public.detection_case_lab_tests
    ADD CONSTRAINT detection_case_lab_tests_pkey PRIMARY KEY (id);


--
-- Name: detection_cases detection_cases_pkey; Type: CONSTRAINT; Schema: public; Owner: -
--

ALTER TABLE ONLY public.detection_cases
    ADD CONSTRAINT detection_cases_pkey PRIMARY KEY (id);


--
-- Name: diagnoses diagnoses_pkey; Type: CONSTRAINT; Schema: public; Owner: -
--

ALTER TABLE ONLY public.diagnoses
    ADD CONSTRAINT diagnoses_pkey PRIMARY KEY (id);


--
-- Name: diagnosis_groups diagnosis_groups_pkey; Type: CONSTRAINT; Schema: public; Owner: -
--

ALTER TABLE ONLY public.diagnosis_groups
    ADD CONSTRAINT diagnosis_groups_pkey PRIMARY KEY (id);


--
-- Name: doctors doctors_pkey; Type: CONSTRAINT; Schema: public; Owner: -
--

ALTER TABLE ONLY public.doctors
    ADD CONSTRAINT doctors_pkey PRIMARY KEY (id);


--
-- Name: genders genders_pkey; Type: CONSTRAINT; Schema: public; Owner: -
--

ALTER TABLE ONLY public.genders
    ADD CONSTRAINT genders_pkey PRIMARY KEY (id);


--
-- Name: inspections inspections_pkey; Type: CONSTRAINT; Schema: public; Owner: -
--

ALTER TABLE ONLY public.inspections
    ADD CONSTRAINT inspections_pkey PRIMARY KEY (id);


--
-- Name: laboratory_test_types laboratory_test_types_pkey; Type: CONSTRAINT; Schema: public; Owner: -
--

ALTER TABLE ONLY public.laboratory_test_types
    ADD CONSTRAINT laboratory_test_types_pkey PRIMARY KEY (id);


--
-- Name: patients patients_pkey; Type: CONSTRAINT; Schema: public; Owner: -
--

ALTER TABLE ONLY public.patients
    ADD CONSTRAINT patients_pkey PRIMARY KEY (id);


--
-- Name: places places_pkey; Type: CONSTRAINT; Schema: public; Owner: -
--

ALTER TABLE ONLY public.places
    ADD CONSTRAINT places_pkey PRIMARY KEY (id);


--
-- Name: populations populations_pkey; Type: CONSTRAINT; Schema: public; Owner: -
--

ALTER TABLE ONLY public.populations
    ADD CONSTRAINT populations_pkey PRIMARY KEY (id);


--
-- Name: profiles profiles_pkey; Type: CONSTRAINT; Schema: public; Owner: -
--

ALTER TABLE ONLY public.profiles
    ADD CONSTRAINT profiles_pkey PRIMARY KEY (id);


--
-- Name: social_groups social_groups_pkey; Type: CONSTRAINT; Schema: public; Owner: -
--

ALTER TABLE ONLY public.social_groups
    ADD CONSTRAINT social_groups_pkey PRIMARY KEY (id);


--
-- Name: state_groups state_groups_pkey; Type: CONSTRAINT; Schema: public; Owner: -
--

ALTER TABLE ONLY public.state_groups
    ADD CONSTRAINT state_groups_pkey PRIMARY KEY (id);


--
-- Name: states states_pkey; Type: CONSTRAINT; Schema: public; Owner: -
--

ALTER TABLE ONLY public.states
    ADD CONSTRAINT states_pkey PRIMARY KEY (id);


--
-- Name: transfers transfers_pkey; Type: CONSTRAINT; Schema: public; Owner: -
--

ALTER TABLE ONLY public.transfers
    ADD CONSTRAINT transfers_pkey PRIMARY KEY (id);


--
-- Name: genders uk6uwkx8yhh4w794lagv7uvnntx; Type: CONSTRAINT; Schema: public; Owner: -
--

ALTER TABLE ONLY public.genders
    ADD CONSTRAINT uk6uwkx8yhh4w794lagv7uvnntx UNIQUE (code);


--
-- Name: citizen_types uk7hvjx5hkg6nrdwicpvbyyy89a; Type: CONSTRAINT; Schema: public; Owner: -
--

ALTER TABLE ONLY public.citizen_types
    ADD CONSTRAINT uk7hvjx5hkg6nrdwicpvbyyy89a UNIQUE (name);


--
-- Name: citizen_categories uka8koksj5fhy256fte6cc7h3co; Type: CONSTRAINT; Schema: public; Owner: -
--

ALTER TABLE ONLY public.citizen_categories
    ADD CONSTRAINT uka8koksj5fhy256fte6cc7h3co UNIQUE (name);


--
-- Name: state_groups uke85h2x18rxr0x8jy5ve34mdfy; Type: CONSTRAINT; Schema: public; Owner: -
--

ALTER TABLE ONLY public.state_groups
    ADD CONSTRAINT uke85h2x18rxr0x8jy5ve34mdfy UNIQUE (code);


--
-- Name: inspections uke8nw8qff7gbdsrujrgl4b378q; Type: CONSTRAINT; Schema: public; Owner: -
--

ALTER TABLE ONLY public.inspections
    ADD CONSTRAINT uke8nw8qff7gbdsrujrgl4b378q UNIQUE (name);


--
-- Name: patients ukh5ynsqog7l6d9tpppdhj7augr; Type: CONSTRAINT; Schema: public; Owner: -
--

ALTER TABLE ONLY public.patients
    ADD CONSTRAINT ukh5ynsqog7l6d9tpppdhj7augr UNIQUE (last_name, first_name, middle_name, birth_date);


--
-- Name: profiles ukhlbju8nhcn1ypii4dcfv46gpw; Type: CONSTRAINT; Schema: public; Owner: -
--

ALTER TABLE ONLY public.profiles
    ADD CONSTRAINT ukhlbju8nhcn1ypii4dcfv46gpw UNIQUE (name);


--
-- Name: branches ukhw68nd07qk3jrjfg70qxq9vb7; Type: CONSTRAINT; Schema: public; Owner: -
--

ALTER TABLE ONLY public.branches
    ADD CONSTRAINT ukhw68nd07qk3jrjfg70qxq9vb7 UNIQUE (name);


--
-- Name: places uki75c5u2dcpm62wu3biuxvo3ab; Type: CONSTRAINT; Schema: public; Owner: -
--

ALTER TABLE ONLY public.places
    ADD CONSTRAINT uki75c5u2dcpm62wu3biuxvo3ab UNIQUE (name);


--
-- Name: genders ukil5d8rsjgn8m3eao1xfvdqrc7; Type: CONSTRAINT; Schema: public; Owner: -
--

ALTER TABLE ONLY public.genders
    ADD CONSTRAINT ukil5d8rsjgn8m3eao1xfvdqrc7 UNIQUE (name);


--
-- Name: departments ukj6cwks7xecs5jov19ro8ge3qk; Type: CONSTRAINT; Schema: public; Owner: -
--

ALTER TABLE ONLY public.departments
    ADD CONSTRAINT ukj6cwks7xecs5jov19ro8ge3qk UNIQUE (name);


--
-- Name: social_groups ukjjv2vxdpgrf5akbda4df60vjd; Type: CONSTRAINT; Schema: public; Owner: -
--

ALTER TABLE ONLY public.social_groups
    ADD CONSTRAINT ukjjv2vxdpgrf5akbda4df60vjd UNIQUE (name);


--
-- Name: diagnosis_groups ukkpqh54mcjlcpo2n8rxfkwhf5e; Type: CONSTRAINT; Schema: public; Owner: -
--

ALTER TABLE ONLY public.diagnosis_groups
    ADD CONSTRAINT ukkpqh54mcjlcpo2n8rxfkwhf5e UNIQUE (code);


--
-- Name: diagnosis_groups ukkvasgc9peh9qdrhve2142kkp4; Type: CONSTRAINT; Schema: public; Owner: -
--

ALTER TABLE ONLY public.diagnosis_groups
    ADD CONSTRAINT ukkvasgc9peh9qdrhve2142kkp4 UNIQUE (name);


--
-- Name: transfers ukl56aet8ky5xcfo45yi4yd38xt; Type: CONSTRAINT; Schema: public; Owner: -
--

ALTER TABLE ONLY public.transfers
    ADD CONSTRAINT ukl56aet8ky5xcfo45yi4yd38xt UNIQUE (name);


--
-- Name: social_groups ukp9ecx9113ktwrqh4qsxtek5fd; Type: CONSTRAINT; Schema: public; Owner: -
--

ALTER TABLE ONLY public.social_groups
    ADD CONSTRAINT ukp9ecx9113ktwrqh4qsxtek5fd UNIQUE (code);


--
-- Name: populations ukpmvyeei0v9jjlu2os4spvn3oi; Type: CONSTRAINT; Schema: public; Owner: -
--

ALTER TABLE ONLY public.populations
    ADD CONSTRAINT ukpmvyeei0v9jjlu2os4spvn3oi UNIQUE (state_id, year);


--
-- Name: laboratory_test_types ukq0vt68sd7tlwebtsloir2rmf; Type: CONSTRAINT; Schema: public; Owner: -
--

ALTER TABLE ONLY public.laboratory_test_types
    ADD CONSTRAINT ukq0vt68sd7tlwebtsloir2rmf UNIQUE (name);


--
-- Name: citizen_types ukq8p4nli3ua7w5fc9v7m4ygcws; Type: CONSTRAINT; Schema: public; Owner: -
--

ALTER TABLE ONLY public.citizen_types
    ADD CONSTRAINT ukq8p4nli3ua7w5fc9v7m4ygcws UNIQUE (code);


--
-- Name: users ukr43af9ap4edm43mmtq01oddj6; Type: CONSTRAINT; Schema: public; Owner: -
--

ALTER TABLE ONLY public.users
    ADD CONSTRAINT ukr43af9ap4edm43mmtq01oddj6 UNIQUE (username);


--
-- Name: users users_pkey; Type: CONSTRAINT; Schema: public; Owner: -
--

ALTER TABLE ONLY public.users
    ADD CONSTRAINT users_pkey PRIMARY KEY (id);


--
-- Name: ux_patients_fio_birthdate; Type: INDEX; Schema: public; Owner: -
--

CREATE UNIQUE INDEX ux_patients_fio_birthdate ON public.patients USING btree (last_name, first_name, COALESCE(middle_name, ''::character varying), birth_date);


--
-- Name: detection_cases fk2vqisx2186anjp3yajut7htt8; Type: FK CONSTRAINT; Schema: public; Owner: -
--

ALTER TABLE ONLY public.detection_cases
    ADD CONSTRAINT fk2vqisx2186anjp3yajut7htt8 FOREIGN KEY (patient_id) REFERENCES public.patients(id);


--
-- Name: detection_case_lab_tests fk3yj8kq226aeaksfrarvtg2utb; Type: FK CONSTRAINT; Schema: public; Owner: -
--

ALTER TABLE ONLY public.detection_case_lab_tests
    ADD CONSTRAINT fk3yj8kq226aeaksfrarvtg2utb FOREIGN KEY (detection_case_id) REFERENCES public.detection_cases(id);


--
-- Name: detection_cases fk677pelvpnys2ob52bme8015ra; Type: FK CONSTRAINT; Schema: public; Owner: -
--

ALTER TABLE ONLY public.detection_cases
    ADD CONSTRAINT fk677pelvpnys2ob52bme8015ra FOREIGN KEY (social_group_id) REFERENCES public.social_groups(id);


--
-- Name: detection_cases fk6mk6adan44prl1mni5suiimey; Type: FK CONSTRAINT; Schema: public; Owner: -
--

ALTER TABLE ONLY public.detection_cases
    ADD CONSTRAINT fk6mk6adan44prl1mni5suiimey FOREIGN KEY (citizen_category_id) REFERENCES public.citizen_categories(id);


--
-- Name: detection_cases fk9thu2vhi0mrnk0xb8oow3armx; Type: FK CONSTRAINT; Schema: public; Owner: -
--

ALTER TABLE ONLY public.detection_cases
    ADD CONSTRAINT fk9thu2vhi0mrnk0xb8oow3armx FOREIGN KEY (transfer_id) REFERENCES public.transfers(id);


--
-- Name: departments fka1wtn2bsud212rdljgsc6xnb1; Type: FK CONSTRAINT; Schema: public; Owner: -
--

ALTER TABLE ONLY public.departments
    ADD CONSTRAINT fka1wtn2bsud212rdljgsc6xnb1 FOREIGN KEY (branch_id) REFERENCES public.branches(id);


--
-- Name: states fkcsw8vqfc5qws6la8p44n6okag; Type: FK CONSTRAINT; Schema: public; Owner: -
--

ALTER TABLE ONLY public.states
    ADD CONSTRAINT fkcsw8vqfc5qws6la8p44n6okag FOREIGN KEY (state_group_id) REFERENCES public.state_groups(id);


--
-- Name: detection_cases fkcwo0ux8r9y63paechnggscelu; Type: FK CONSTRAINT; Schema: public; Owner: -
--

ALTER TABLE ONLY public.detection_cases
    ADD CONSTRAINT fkcwo0ux8r9y63paechnggscelu FOREIGN KEY (inspection_id) REFERENCES public.inspections(id);


--
-- Name: populations fkdmkdq35vrtr65y5qr9x3jpkv4; Type: FK CONSTRAINT; Schema: public; Owner: -
--

ALTER TABLE ONLY public.populations
    ADD CONSTRAINT fkdmkdq35vrtr65y5qr9x3jpkv4 FOREIGN KEY (state_id) REFERENCES public.states(id);


--
-- Name: detection_cases fke21sw22aemnjvkueuhhyqonc8; Type: FK CONSTRAINT; Schema: public; Owner: -
--

ALTER TABLE ONLY public.detection_cases
    ADD CONSTRAINT fke21sw22aemnjvkueuhhyqonc8 FOREIGN KEY (profile_id) REFERENCES public.profiles(id);


--
-- Name: detection_cases fkemp2trw0qqjmviajkcmuxyg4x; Type: FK CONSTRAINT; Schema: public; Owner: -
--

ALTER TABLE ONLY public.detection_cases
    ADD CONSTRAINT fkemp2trw0qqjmviajkcmuxyg4x FOREIGN KEY (doctor_id) REFERENCES public.doctors(id);


--
-- Name: detection_case_lab_tests fkilawalyt37tndqk3h83scoi04; Type: FK CONSTRAINT; Schema: public; Owner: -
--

ALTER TABLE ONLY public.detection_case_lab_tests
    ADD CONSTRAINT fkilawalyt37tndqk3h83scoi04 FOREIGN KEY (lab_test_type_id) REFERENCES public.laboratory_test_types(id);


--
-- Name: detection_cases fkj9q41aabea0tjw8vx8i1vb637; Type: FK CONSTRAINT; Schema: public; Owner: -
--

ALTER TABLE ONLY public.detection_cases
    ADD CONSTRAINT fkj9q41aabea0tjw8vx8i1vb637 FOREIGN KEY (state_id) REFERENCES public.states(id);


--
-- Name: doctors fkl2mro81neln9topymd898urh1; Type: FK CONSTRAINT; Schema: public; Owner: -
--

ALTER TABLE ONLY public.doctors
    ADD CONSTRAINT fkl2mro81neln9topymd898urh1 FOREIGN KEY (department_id) REFERENCES public.departments(id);


--
-- Name: patients fkmgi0dhjqora9ka1mpqk1cgkgo; Type: FK CONSTRAINT; Schema: public; Owner: -
--

ALTER TABLE ONLY public.patients
    ADD CONSTRAINT fkmgi0dhjqora9ka1mpqk1cgkgo FOREIGN KEY (gender_id) REFERENCES public.genders(id);


--
-- Name: detection_cases fknf8g3dovw4deu7o95i16dtg07; Type: FK CONSTRAINT; Schema: public; Owner: -
--

ALTER TABLE ONLY public.detection_cases
    ADD CONSTRAINT fknf8g3dovw4deu7o95i16dtg07 FOREIGN KEY (diagnosis_id) REFERENCES public.diagnoses(id);


--
-- Name: detection_cases fknt3rdrn9jcq1vni8fjq2uyhmg; Type: FK CONSTRAINT; Schema: public; Owner: -
--

ALTER TABLE ONLY public.detection_cases
    ADD CONSTRAINT fknt3rdrn9jcq1vni8fjq2uyhmg FOREIGN KEY (citizen_type_id) REFERENCES public.citizen_types(id);


--
-- Name: detection_cases fkoxmb2b9jqjkufdng23x200hem; Type: FK CONSTRAINT; Schema: public; Owner: -
--

ALTER TABLE ONLY public.detection_cases
    ADD CONSTRAINT fkoxmb2b9jqjkufdng23x200hem FOREIGN KEY (place_id) REFERENCES public.places(id);


--
-- Name: diagnoses fksf6t35eydax3gbn9bjkao1rtq; Type: FK CONSTRAINT; Schema: public; Owner: -
--

ALTER TABLE ONLY public.diagnoses
    ADD CONSTRAINT fksf6t35eydax3gbn9bjkao1rtq FOREIGN KEY (diagnosis_group_id) REFERENCES public.diagnosis_groups(id);


--
-- PostgreSQL database dump complete
--

\unrestrict hofUWNpzXfZ6Qf6Rw8nP7IfVLfl2LbEmMzE2TYex68FdqHOQDch4ID4Zd5lcT9w

